Hijri Day,Hijri Month,Hijri Year,Gregorian Day,Gregorian Month,Gregorian Year
25,4,1440,1,1,2019
26,4,1440,2,1,2019
27,4,1440,3,1,2019
28,4,1440,4,1,2019
29,4,1440,5,1,2019
30,4,1440,6,1,2019
1,5,1440,7,1,2019
2,5,1440,8,1,2019
3,5,1440,9,1,2019
4,5,1440,10,1,2019
5,5,1440,11,1,2019
6,5,1440,12,1,2019
7,5,1440,13,1,2019
8,5,1440,14,1,2019
9,5,1440,15,1,2019
10,5,1440,16,1,2019
11,5,1440,17,1,2019
12,5,1440,18,1,2019
13,5,1440,19,1,2019
14,5,1440,20,1,2019
15,5,1440,21,1,2019
16,5,1440,22,1,2019
17,5,1440,23,1,2019
18,5,1440,24,1,2019
19,5,1440,25,1,2019
20,5,1440,26,1,2019
21,5,1440,27,1,2019
22,5,1440,28,1,2019
23,5,1440,29,1,2019
24,5,1440,30,1,2019
25,5,1440,31,1,2019
26,5,1440,1,2,2019
27,5,1440,2,2,2019
28,5,1440,3,2,2019
29,5,1440,4,2,2019
30,5,1440,5,2,2019
1,6,1440,6,2,2019
2,6,1440,7,2,2019
3,6,1440,8,2,2019
4,6,1440,9,2,2019
5,6,1440,10,2,2019
6,6,1440,11,2,2019
7,6,1440,12,2,2019
8,6,1440,13,2,2019
9,6,1440,14,2,2019
10,6,1440,15,2,2019
11,6,1440,16,2,2019
12,6,1440,17,2,2019
13,6,1440,18,2,2019
14,6,1440,19,2,2019
15,6,1440,20,2,2019
16,6,1440,21,2,2019
17,6,1440,22,2,2019
18,6,1440,23,2,2019
19,6,1440,24,2,2019
20,6,1440,25,2,2019
21,6,1440,26,2,2019
22,6,1440,27,2,2019
23,6,1440,28,2,2019
24,6,1440,1,3,2019
25,6,1440,2,3,2019
26,6,1440,3,3,2019
27,6,1440,4,3,2019
28,6,1440,5,3,2019
29,6,1440,6,3,2019
30,6,1440,7,3,2019
1,7,1440,8,3,2019
2,7,1440,9,3,2019
3,7,1440,10,3,2019
4,7,1440,11,3,2019
5,7,1440,12,3,2019
6,7,1440,13,3,2019
7,7,1440,14,3,2019
8,7,1440,15,3,2019
9,7,1440,16,3,2019
10,7,1440,17,3,2019
11,7,1440,18,3,2019
12,7,1440,19,3,2019
13,7,1440,20,3,2019
14,7,1440,21,3,2019
15,7,1440,22,3,2019
16,7,1440,23,3,2019
17,7,1440,24,3,2019
18,7,1440,25,3,2019
19,7,1440,26,3,2019
20,7,1440,27,3,2019
21,7,1440,28,3,2019
22,7,1440,29,3,2019
23,7,1440,30,3,2019
24,7,1440,31,3,2019
25,7,1440,1,4,2019
26,7,1440,2,4,2019
27,7,1440,3,4,2019
28,7,1440,4,4,2019
29,7,1440,5,4,2019
1,8,1440,6,4,2019
2,8,1440,7,4,2019
3,8,1440,8,4,2019
4,8,1440,9,4,2019
5,8,1440,10,4,2019
6,8,1440,11,4,2019
7,8,1440,12,4,2019
8,8,1440,13,4,2019
9,8,1440,14,4,2019
10,8,1440,15,4,2019
11,8,1440,16,4,2019
12,8,1440,17,4,2019
13,8,1440,18,4,2019
14,8,1440,19,4,2019
15,8,1440,20,4,2019
16,8,1440,21,4,2019
17,8,1440,22,4,2019
18,8,1440,23,4,2019
19,8,1440,24,4,2019
20,8,1440,25,4,2019
21,8,1440,26,4,2019
22,8,1440,27,4,2019
23,8,1440,28,4,2019
24,8,1440,29,4,2019
25,8,1440,30,4,2019
26,8,1440,1,5,2019
27,8,1440,2,5,2019
28,8,1440,3,5,2019
29,8,1440,4,5,2019
30,8,1440,5,5,2019
1,9,1440,6,5,2019
2,9,1440,7,5,2019
3,9,1440,8,5,2019
4,9,1440,9,5,2019
5,9,1440,10,5,2019
6,9,1440,11,5,2019
7,9,1440,12,5,2019
8,9,1440,13,5,2019
9,9,1440,14,5,2019
10,9,1440,15,5,2019
11,9,1440,16,5,2019
12,9,1440,17,5,2019
13,9,1440,18,5,2019
14,9,1440,19,5,2019
15,9,1440,20,5,2019
16,9,1440,21,5,2019
17,9,1440,22,5,2019
18,9,1440,23,5,2019
19,9,1440,24,5,2019
20,9,1440,25,5,2019
21,9,1440,26,5,2019
22,9,1440,27,5,2019
23,9,1440,28,5,2019
24,9,1440,29,5,2019
25,9,1440,30,5,2019
26,9,1440,31,5,2019
27,9,1440,1,6,2019
28,9,1440,2,6,2019
29,9,1440,3,6,2019
1,10,1440,4,6,2019
2,10,1440,5,6,2019
3,10,1440,6,6,2019
4,10,1440,7,6,2019
5,10,1440,8,6,2019
6,10,1440,9,6,2019
7,10,1440,10,6,2019
8,10,1440,11,6,2019
9,10,1440,12,6,2019
10,10,1440,13,6,2019
11,10,1440,14,6,2019
12,10,1440,15,6,2019
13,10,1440,16,6,2019
14,10,1440,17,6,2019
15,10,1440,18,6,2019
16,10,1440,19,6,2019
17,10,1440,20,6,2019
18,10,1440,21,6,2019
19,10,1440,22,6,2019
20,10,1440,23,6,2019
21,10,1440,24,6,2019
22,10,1440,25,6,2019
23,10,1440,26,6,2019
24,10,1440,27,6,2019
25,10,1440,28,6,2019
26,10,1440,29,6,2019
27,10,1440,30,6,2019
28,10,1440,1,7,2019
29,10,1440,2,7,2019
30,10,1440,3,7,2019
1,11,1440,4,7,2019
2,11,1440,5,7,2019
3,11,1440,6,7,2019
4,11,1440,7,7,2019
5,11,1440,8,7,2019
6,11,1440,9,7,2019
7,11,1440,10,7,2019
8,11,1440,11,7,2019
9,11,1440,12,7,2019
10,11,1440,13,7,2019
11,11,1440,14,7,2019
12,11,1440,15,7,2019
13,11,1440,16,7,2019
14,11,1440,17,7,2019
15,11,1440,18,7,2019
16,11,1440,19,7,2019
17,11,1440,20,7,2019
18,11,1440,21,7,2019
19,11,1440,22,7,2019
20,11,1440,23,7,2019
21,11,1440,24,7,2019
22,11,1440,25,7,2019
23,11,1440,26,7,2019
24,11,1440,27,7,2019
25,11,1440,28,7,2019
26,11,1440,29,7,2019
27,11,1440,30,7,2019
28,11,1440,31,7,2019
29,11,1440,1,8,2019
1,12,1440,2,8,2019
2,12,1440,3,8,2019
3,12,1440,4,8,2019
4,12,1440,5,8,2019
5,12,1440,6,8,2019
6,12,1440,7,8,2019
7,12,1440,8,8,2019
8,12,1440,9,8,2019
9,12,1440,10,8,2019
10,12,1440,11,8,2019
11,12,1440,12,8,2019
12,12,1440,13,8,2019
13,12,1440,14,8,2019
14,12,1440,15,8,2019
15,12,1440,16,8,2019
16,12,1440,17,8,2019
17,12,1440,18,8,2019
18,12,1440,19,8,2019
19,12,1440,20,8,2019
20,12,1440,21,8,2019
21,12,1440,22,8,2019
22,12,1440,23,8,2019
23,12,1440,24,8,2019
24,12,1440,25,8,2019
25,12,1440,26,8,2019
26,12,1440,27,8,2019
27,12,1440,28,8,2019
28,12,1440,29,8,2019
29,12,1440,30,8,2019
1,1,1441,31,8,2019
2,1,1441,1,9,2019
3,1,1441,2,9,2019
4,1,1441,3,9,2019
5,1,1441,4,9,2019
6,1,1441,5,9,2019
7,1,1441,6,9,2019
8,1,1441,7,9,2019
9,1,1441,8,9,2019
10,1,1441,9,9,2019
11,1,1441,10,9,2019
12,1,1441,11,9,2019
13,1,1441,12,9,2019
14,1,1441,13,9,2019
15,1,1441,14,9,2019
16,1,1441,15,9,2019
17,1,1441,16,9,2019
18,1,1441,17,9,2019
19,1,1441,18,9,2019
20,1,1441,19,9,2019
21,1,1441,20,9,2019
22,1,1441,21,9,2019
23,1,1441,22,9,2019
24,1,1441,23,9,2019
25,1,1441,24,9,2019
26,1,1441,25,9,2019
27,1,1441,26,9,2019
28,1,1441,27,9,2019
29,1,1441,28,9,2019
30,1,1441,29,9,2019
1,2,1441,30,9,2019
2,2,1441,1,10,2019
3,2,1441,2,10,2019
4,2,1441,3,10,2019
5,2,1441,4,10,2019
6,2,1441,5,10,2019
7,2,1441,6,10,2019
8,2,1441,7,10,2019
9,2,1441,8,10,2019
10,2,1441,9,10,2019
11,2,1441,10,10,2019
12,2,1441,11,10,2019
13,2,1441,12,10,2019
14,2,1441,13,10,2019
15,2,1441,14,10,2019
16,2,1441,15,10,2019
17,2,1441,16,10,2019
18,2,1441,17,10,2019
19,2,1441,18,10,2019
20,2,1441,19,10,2019
21,2,1441,20,10,2019
22,2,1441,21,10,2019
23,2,1441,22,10,2019
24,2,1441,23,10,2019
25,2,1441,24,10,2019
26,2,1441,25,10,2019
27,2,1441,26,10,2019
28,2,1441,27,10,2019
29,2,1441,28,10,2019
1,3,1441,29,10,2019
2,3,1441,30,10,2019
3,3,1441,31,10,2019
4,3,1441,1,11,2019
5,3,1441,2,11,2019
6,3,1441,3,11,2019
7,3,1441,4,11,2019
8,3,1441,5,11,2019
9,3,1441,6,11,2019
10,3,1441,7,11,2019
11,3,1441,8,11,2019
12,3,1441,9,11,2019
13,3,1441,10,11,2019
14,3,1441,11,11,2019
15,3,1441,12,11,2019
16,3,1441,13,11,2019
17,3,1441,14,11,2019
18,3,1441,15,11,2019
19,3,1441,16,11,2019
20,3,1441,17,11,2019
21,3,1441,18,11,2019
22,3,1441,19,11,2019
23,3,1441,20,11,2019
24,3,1441,21,11,2019
25,3,1441,22,11,2019
26,3,1441,23,11,2019
27,3,1441,24,11,2019
28,3,1441,25,11,2019
29,3,1441,26,11,2019
30,3,1441,27,11,2019
1,4,1441,28,11,2019
2,4,1441,29,11,2019
3,4,1441,30,11,2019
4,4,1441,1,12,2019
5,4,1441,2,12,2019
6,4,1441,3,12,2019
7,4,1441,4,12,2019
8,4,1441,5,12,2019
9,4,1441,6,12,2019
10,4,1441,7,12,2019
11,4,1441,8,12,2019
12,4,1441,9,12,2019
13,4,1441,10,12,2019
14,4,1441,11,12,2019
15,4,1441,12,12,2019
16,4,1441,13,12,2019
17,4,1441,14,12,2019
18,4,1441,15,12,2019
19,4,1441,16,12,2019
20,4,1441,17,12,2019
21,4,1441,18,12,2019
22,4,1441,19,12,2019
23,4,1441,20,12,2019
24,4,1441,21,12,2019
25,4,1441,22,12,2019
26,4,1441,23,12,2019
27,4,1441,24,12,2019
28,4,1441,25,12,2019
29,4,1441,26,12,2019
1,5,1441,27,12,2019
2,5,1441,28,12,2019
3,5,1441,29,12,2019
4,5,1441,30,12,2019
5,5,1441,31,12,2019
6,5,1441,1,1,2020
7,5,1441,2,1,2020
8,5,1441,3,1,2020
9,5,1441,4,1,2020
10,5,1441,5,1,2020
11,5,1441,6,1,2020
12,5,1441,7,1,2020
13,5,1441,8,1,2020
14,5,1441,9,1,2020
15,5,1441,10,1,2020
16,5,1441,11,1,2020
17,5,1441,12,1,2020
18,5,1441,13,1,2020
19,5,1441,14,1,2020
20,5,1441,15,1,2020
21,5,1441,16,1,2020
22,5,1441,17,1,2020
23,5,1441,18,1,2020
24,5,1441,19,1,2020
25,5,1441,20,1,2020
26,5,1441,21,1,2020
27,5,1441,22,1,2020
28,5,1441,23,1,2020
29,5,1441,24,1,2020
30,5,1441,25,1,2020
1,6,1441,26,1,2020
2,6,1441,27,1,2020
3,6,1441,28,1,2020
4,6,1441,29,1,2020
5,6,1441,30,1,2020
6,6,1441,31,1,2020
7,6,1441,1,2,2020
8,6,1441,2,2,2020
9,6,1441,3,2,2020
10,6,1441,4,2,2020
11,6,1441,5,2,2020
12,6,1441,6,2,2020
13,6,1441,7,2,2020
14,6,1441,8,2,2020
15,6,1441,9,2,2020
16,6,1441,10,2,2020
17,6,1441,11,2,2020
18,6,1441,12,2,2020
19,6,1441,13,2,2020
20,6,1441,14,2,2020
21,6,1441,15,2,2020
22,6,1441,16,2,2020
23,6,1441,17,2,2020
24,6,1441,18,2,2020
25,6,1441,19,2,2020
26,6,1441,20,2,2020
27,6,1441,21,2,2020
28,6,1441,22,2,2020
29,6,1441,23,2,2020
30,6,1441,24,2,2020
1,7,1441,25,2,2020
2,7,1441,26,2,2020
3,7,1441,27,2,2020
4,7,1441,28,2,2020
5,7,1441,29,2,2020
6,7,1441,1,3,2020
7,7,1441,2,3,2020
8,7,1441,3,3,2020
9,7,1441,4,3,2020
10,7,1441,5,3,2020
11,7,1441,6,3,2020
12,7,1441,7,3,2020
13,7,1441,8,3,2020
14,7,1441,9,3,2020
15,7,1441,10,3,2020
16,7,1441,11,3,2020
17,7,1441,12,3,2020
18,7,1441,13,3,2020
19,7,1441,14,3,2020
20,7,1441,15,3,2020
21,7,1441,16,3,2020
22,7,1441,17,3,2020
23,7,1441,18,3,2020
24,7,1441,19,3,2020
25,7,1441,20,3,2020
26,7,1441,21,3,2020
27,7,1441,22,3,2020
28,7,1441,23,3,2020
29,7,1441,24,3,2020
1,8,1441,25,3,2020
2,8,1441,26,3,2020
3,8,1441,27,3,2020
4,8,1441,28,3,2020
5,8,1441,29,3,2020
6,8,1441,30,3,2020
7,8,1441,31,3,2020
8,8,1441,1,4,2020
9,8,1441,2,4,2020
10,8,1441,3,4,2020
11,8,1441,4,4,2020
12,8,1441,5,4,2020
13,8,1441,6,4,2020
14,8,1441,7,4,2020
15,8,1441,8,4,2020
16,8,1441,9,4,2020
17,8,1441,10,4,2020
18,8,1441,11,4,2020
19,8,1441,12,4,2020
20,8,1441,13,4,2020
21,8,1441,14,4,2020
22,8,1441,15,4,2020
23,8,1441,16,4,2020
24,8,1441,17,4,2020
25,8,1441,18,4,2020
26,8,1441,19,4,2020
27,8,1441,20,4,2020
28,8,1441,21,4,2020
29,8,1441,22,4,2020
30,8,1441,23,4,2020
1,9,1441,24,4,2020
2,9,1441,25,4,2020
3,9,1441,26,4,2020
4,9,1441,27,4,2020
5,9,1441,28,4,2020
6,9,1441,29,4,2020
7,9,1441,30,4,2020
8,9,1441,1,5,2020
9,9,1441,2,5,2020
10,9,1441,3,5,2020
11,9,1441,4,5,2020
12,9,1441,5,5,2020
13,9,1441,6,5,2020
14,9,1441,7,5,2020
15,9,1441,8,5,2020
16,9,1441,9,5,2020
17,9,1441,10,5,2020
18,9,1441,11,5,2020
19,9,1441,12,5,2020
20,9,1441,13,5,2020
21,9,1441,14,5,2020
22,9,1441,15,5,2020
23,9,1441,16,5,2020
24,9,1441,17,5,2020
25,9,1441,18,5,2020
26,9,1441,19,5,2020
27,9,1441,20,5,2020
28,9,1441,21,5,2020
29,9,1441,22,5,2020
30,9,1441,23,5,2020
1,10,1441,24,5,2020
2,10,1441,25,5,2020
3,10,1441,26,5,2020
4,10,1441,27,5,2020
5,10,1441,28,5,2020
6,10,1441,29,5,2020
7,10,1441,30,5,2020
8,10,1441,31,5,2020
9,10,1441,1,6,2020
10,10,1441,2,6,2020
11,10,1441,3,6,2020
12,10,1441,4,6,2020
13,10,1441,5,6,2020
14,10,1441,6,6,2020
15,10,1441,7,6,2020
16,10,1441,8,6,2020
17,10,1441,9,6,2020
18,10,1441,10,6,2020
19,10,1441,11,6,2020
20,10,1441,12,6,2020
21,10,1441,13,6,2020
22,10,1441,14,6,2020
23,10,1441,15,6,2020
24,10,1441,16,6,2020
25,10,1441,17,6,2020
26,10,1441,18,6,2020
27,10,1441,19,6,2020
28,10,1441,20,6,2020
29,10,1441,21,6,2020
1,11,1441,22,6,2020
2,11,1441,23,6,2020
3,11,1441,24,6,2020
4,11,1441,25,6,2020
5,11,1441,26,6,2020
6,11,1441,27,6,2020
7,11,1441,28,6,2020
8,11,1441,29,6,2020
9,11,1441,30,6,2020
10,11,1441,1,7,2020
11,11,1441,2,7,2020
12,11,1441,3,7,2020
13,11,1441,4,7,2020
14,11,1441,5,7,2020
15,11,1441,6,7,2020
16,11,1441,7,7,2020
17,11,1441,8,7,2020
18,11,1441,9,7,2020
19,11,1441,10,7,2020
20,11,1441,11,7,2020
21,11,1441,12,7,2020
22,11,1441,13,7,2020
23,11,1441,14,7,2020
24,11,1441,15,7,2020
25,11,1441,16,7,2020
26,11,1441,17,7,2020
27,11,1441,18,7,2020
28,11,1441,19,7,2020
29,11,1441,20,7,2020
30,11,1441,21,7,2020
1,12,1441,22,7,2020
2,12,1441,23,7,2020
3,12,1441,24,7,2020
4,12,1441,25,7,2020
5,12,1441,26,7,2020
6,12,1441,27,7,2020
7,12,1441,28,7,2020
8,12,1441,29,7,2020
9,12,1441,30,7,2020
10,12,1441,31,7,2020
11,12,1441,1,8,2020
12,12,1441,2,8,2020
13,12,1441,3,8,2020
14,12,1441,4,8,2020
15,12,1441,5,8,2020
16,12,1441,6,8,2020
17,12,1441,7,8,2020
18,12,1441,8,8,2020
19,12,1441,9,8,2020
20,12,1441,10,8,2020
21,12,1441,11,8,2020
22,12,1441,12,8,2020
23,12,1441,13,8,2020
24,12,1441,14,8,2020
25,12,1441,15,8,2020
26,12,1441,16,8,2020
27,12,1441,17,8,2020
28,12,1441,18,8,2020
29,12,1441,19,8,2020
1,1,1442,20,8,2020
2,1,1442,21,8,2020
3,1,1442,22,8,2020
4,1,1442,23,8,2020
5,1,1442,24,8,2020
6,1,1442,25,8,2020
7,1,1442,26,8,2020
8,1,1442,27,8,2020
9,1,1442,28,8,2020
10,1,1442,29,8,2020
11,1,1442,30,8,2020
12,1,1442,31,8,2020
13,1,1442,1,9,2020
14,1,1442,2,9,2020
15,1,1442,3,9,2020
16,1,1442,4,9,2020
17,1,1442,5,9,2020
18,1,1442,6,9,2020
19,1,1442,7,9,2020
20,1,1442,8,9,2020
21,1,1442,9,9,2020
22,1,1442,10,9,2020
23,1,1442,11,9,2020
24,1,1442,12,9,2020
25,1,1442,13,9,2020
26,1,1442,14,9,2020
27,1,1442,15,9,2020
28,1,1442,16,9,2020
29,1,1442,17,9,2020
1,2,1442,18,9,2020
2,2,1442,19,9,2020
3,2,1442,20,9,2020
4,2,1442,21,9,2020
5,2,1442,22,9,2020
6,2,1442,23,9,2020
7,2,1442,24,9,2020
8,2,1442,25,9,2020
9,2,1442,26,9,2020
10,2,1442,27,9,2020
11,2,1442,28,9,2020
12,2,1442,29,9,2020
13,2,1442,30,9,2020
14,2,1442,1,10,2020
15,2,1442,2,10,2020
16,2,1442,3,10,2020
17,2,1442,4,10,2020
18,2,1442,5,10,2020
19,2,1442,6,10,2020
20,2,1442,7,10,2020
21,2,1442,8,10,2020
22,2,1442,9,10,2020
23,2,1442,10,10,2020
24,2,1442,11,10,2020
25,2,1442,12,10,2020
26,2,1442,13,10,2020
27,2,1442,14,10,2020
28,2,1442,15,10,2020
29,2,1442,16,10,2020
30,2,1442,17,10,2020
1,3,1442,18,10,2020
2,3,1442,19,10,2020
3,3,1442,20,10,2020
4,3,1442,21,10,2020
5,3,1442,22,10,2020
6,3,1442,23,10,2020
7,3,1442,24,10,2020
8,3,1442,25,10,2020
9,3,1442,26,10,2020
10,3,1442,27,10,2020
11,3,1442,28,10,2020
12,3,1442,29,10,2020
13,3,1442,30,10,2020
14,3,1442,31,10,2020
15,3,1442,1,11,2020
16,3,1442,2,11,2020
17,3,1442,3,11,2020
18,3,1442,4,11,2020
19,3,1442,5,11,2020
20,3,1442,6,11,2020
21,3,1442,7,11,2020
22,3,1442,8,11,2020
23,3,1442,9,11,2020
24,3,1442,10,11,2020
25,3,1442,11,11,2020
26,3,1442,12,11,2020
27,3,1442,13,11,2020
28,3,1442,14,11,2020
29,3,1442,15,11,2020
1,4,1442,16,11,2020
2,4,1442,17,11,2020
3,4,1442,18,11,2020
4,4,1442,19,11,2020
5,4,1442,20,11,2020
6,4,1442,21,11,2020
7,4,1442,22,11,2020
8,4,1442,23,11,2020
9,4,1442,24,11,2020
10,4,1442,25,11,2020
11,4,1442,26,11,2020
12,4,1442,27,11,2020
13,4,1442,28,11,2020
14,4,1442,29,11,2020
15,4,1442,30,11,2020
16,4,1442,1,12,2020
17,4,1442,2,12,2020
18,4,1442,3,12,2020
19,4,1442,4,12,2020
20,4,1442,5,12,2020
21,4,1442,6,12,2020
22,4,1442,7,12,2020
23,4,1442,8,12,2020
24,4,1442,9,12,2020
25,4,1442,10,12,2020
26,4,1442,11,12,2020
27,4,1442,12,12,2020
28,4,1442,13,12,2020
29,4,1442,14,12,2020
30,4,1442,15,12,2020
1,5,1442,16,12,2020
2,5,1442,17,12,2020
3,5,1442,18,12,2020
4,5,1442,19,12,2020
5,5,1442,20,12,2020
6,5,1442,21,12,2020
7,5,1442,22,12,2020
8,5,1442,23,12,2020
9,5,1442,24,12,2020
10,5,1442,25,12,2020
11,5,1442,26,12,2020
12,5,1442,27,12,2020
13,5,1442,28,12,2020
14,5,1442,29,12,2020
15,5,1442,30,12,2020
16,5,1442,31,12,2020
17,5,1442,1,1,2021
18,5,1442,2,1,2021
19,5,1442,3,1,2021
20,5,1442,4,1,2021
21,5,1442,5,1,2021
22,5,1442,6,1,2021
23,5,1442,7,1,2021
24,5,1442,8,1,2021
25,5,1442,9,1,2021
26,5,1442,10,1,2021
27,5,1442,11,1,2021
28,5,1442,12,1,2021
29,5,1442,13,1,2021
1,6,1442,14,1,2021
2,6,1442,15,1,2021
3,6,1442,16,1,2021
4,6,1442,17,1,2021
5,6,1442,18,1,2021
6,6,1442,19,1,2021
7,6,1442,20,1,2021
8,6,1442,21,1,2021
9,6,1442,22,1,2021
10,6,1442,23,1,2021
11,6,1442,24,1,2021
12,6,1442,25,1,2021
13,6,1442,26,1,2021
14,6,1442,27,1,2021
15,6,1442,28,1,2021
16,6,1442,29,1,2021
17,6,1442,30,1,2021
18,6,1442,31,1,2021
19,6,1442,1,2,2021
20,6,1442,2,2,2021
21,6,1442,3,2,2021
22,6,1442,4,2,2021
23,6,1442,5,2,2021
24,6,1442,6,2,2021
25,6,1442,7,2,2021
26,6,1442,8,2,2021
27,6,1442,9,2,2021
28,6,1442,10,2,2021
29,6,1442,11,2,2021
30,6,1442,12,2,2021
1,7,1442,13,2,2021
2,7,1442,14,2,2021
3,7,1442,15,2,2021
4,7,1442,16,2,2021
5,7,1442,17,2,2021
6,7,1442,18,2,2021
7,7,1442,19,2,2021
8,7,1442,20,2,2021
9,7,1442,21,2,2021
10,7,1442,22,2,2021
11,7,1442,23,2,2021
12,7,1442,24,2,2021
13,7,1442,25,2,2021
14,7,1442,26,2,2021
15,7,1442,27,2,2021
16,7,1442,28,2,2021
17,7,1442,1,3,2021
18,7,1442,2,3,2021
19,7,1442,3,3,2021
20,7,1442,4,3,2021
21,7,1442,5,3,2021
22,7,1442,6,3,2021
23,7,1442,7,3,2021
24,7,1442,8,3,2021
25,7,1442,9,3,2021
26,7,1442,10,3,2021
27,7,1442,11,3,2021
28,7,1442,12,3,2021
29,7,1442,13,3,2021
1,8,1442,14,3,2021
2,8,1442,15,3,2021
3,8,1442,16,3,2021
4,8,1442,17,3,2021
5,8,1442,18,3,2021
6,8,1442,19,3,2021
7,8,1442,20,3,2021
8,8,1442,21,3,2021
9,8,1442,22,3,2021
10,8,1442,23,3,2021
11,8,1442,24,3,2021
12,8,1442,25,3,2021
13,8,1442,26,3,2021
14,8,1442,27,3,2021
15,8,1442,28,3,2021
16,8,1442,29,3,2021
17,8,1442,30,3,2021
18,8,1442,31,3,2021
19,8,1442,1,4,2021
20,8,1442,2,4,2021
21,8,1442,3,4,2021
22,8,1442,4,4,2021
23,8,1442,5,4,2021
24,8,1442,6,4,2021
25,8,1442,7,4,2021
26,8,1442,8,4,2021
27,8,1442,9,4,2021
28,8,1442,10,4,2021
29,8,1442,11,4,2021
30,8,1442,12,4,2021
1,9,1442,13,4,2021
2,9,1442,14,4,2021
3,9,1442,15,4,2021
4,9,1442,16,4,2021
5,9,1442,17,4,2021
6,9,1442,18,4,2021
7,9,1442,19,4,2021
8,9,1442,20,4,2021
9,9,1442,21,4,2021
10,9,1442,22,4,2021
11,9,1442,23,4,2021
12,9,1442,24,4,2021
13,9,1442,25,4,2021
14,9,1442,26,4,2021
15,9,1442,27,4,2021
16,9,1442,28,4,2021
17,9,1442,29,4,2021
18,9,1442,30,4,2021
19,9,1442,1,5,2021
20,9,1442,2,5,2021
21,9,1442,3,5,2021
22,9,1442,4,5,2021
23,9,1442,5,5,2021
24,9,1442,6,5,2021
25,9,1442,7,5,2021
26,9,1442,8,5,2021
27,9,1442,9,5,2021
28,9,1442,10,5,2021
29,9,1442,11,5,2021
30,9,1442,12,5,2021
1,10,1442,13,5,2021
2,10,1442,14,5,2021
3,10,1442,15,5,2021
4,10,1442,16,5,2021
5,10,1442,17,5,2021
6,10,1442,18,5,2021
7,10,1442,19,5,2021
8,10,1442,20,5,2021
9,10,1442,21,5,2021
10,10,1442,22,5,2021
11,10,1442,23,5,2021
12,10,1442,24,5,2021
13,10,1442,25,5,2021
14,10,1442,26,5,2021
15,10,1442,27,5,2021
16,10,1442,28,5,2021
17,10,1442,29,5,2021
18,10,1442,30,5,2021
19,10,1442,31,5,2021
20,10,1442,1,6,2021
21,10,1442,2,6,2021
22,10,1442,3,6,2021
23,10,1442,4,6,2021
24,10,1442,5,6,2021
25,10,1442,6,6,2021
26,10,1442,7,6,2021
27,10,1442,8,6,2021
28,10,1442,9,6,2021
29,10,1442,10,6,2021
1,11,1442,11,6,2021
2,11,1442,12,6,2021
3,11,1442,13,6,2021
4,11,1442,14,6,2021
5,11,1442,15,6,2021
6,11,1442,16,6,2021
7,11,1442,17,6,2021
8,11,1442,18,6,2021
9,11,1442,19,6,2021
10,11,1442,20,6,2021
11,11,1442,21,6,2021
12,11,1442,22,6,2021
13,11,1442,23,6,2021
14,11,1442,24,6,2021
15,11,1442,25,6,2021
16,11,1442,26,6,2021
17,11,1442,27,6,2021
18,11,1442,28,6,2021
19,11,1442,29,6,2021
20,11,1442,30,6,2021
21,11,1442,1,7,2021
22,11,1442,2,7,2021
23,11,1442,3,7,2021
24,11,1442,4,7,2021
25,11,1442,5,7,2021
26,11,1442,6,7,2021
27,11,1442,7,7,2021
28,11,1442,8,7,2021
29,11,1442,9,7,2021
30,11,1442,10,7,2021
1,12,1442,11,7,2021
2,12,1442,12,7,2021
3,12,1442,13,7,2021
4,12,1442,14,7,2021
5,12,1442,15,7,2021
6,12,1442,16,7,2021
7,12,1442,17,7,2021
8,12,1442,18,7,2021
9,12,1442,19,7,2021
10,12,1442,20,7,2021
11,12,1442,21,7,2021
12,12,1442,22,7,2021
13,12,1442,23,7,2021
14,12,1442,24,7,2021
15,12,1442,25,7,2021
16,12,1442,26,7,2021
17,12,1442,27,7,2021
18,12,1442,28,7,2021
19,12,1442,29,7,2021
20,12,1442,30,7,2021
21,12,1442,31,7,2021
22,12,1442,1,8,2021
23,12,1442,2,8,2021
24,12,1442,3,8,2021
25,12,1442,4,8,2021
26,12,1442,5,8,2021
27,12,1442,6,8,2021
28,12,1442,7,8,2021
29,12,1442,8,8,2021
1,1,1443,9,8,2021
2,1,1443,10,8,2021
3,1,1443,11,8,2021
4,1,1443,12,8,2021
5,1,1443,13,8,2021
6,1,1443,14,8,2021
7,1,1443,15,8,2021
8,1,1443,16,8,2021
9,1,1443,17,8,2021
10,1,1443,18,8,2021
11,1,1443,19,8,2021
12,1,1443,20,8,2021
13,1,1443,21,8,2021
14,1,1443,22,8,2021
15,1,1443,23,8,2021
16,1,1443,24,8,2021
17,1,1443,25,8,2021
18,1,1443,26,8,2021
19,1,1443,27,8,2021
20,1,1443,28,8,2021
21,1,1443,29,8,2021
22,1,1443,30,8,2021
23,1,1443,31,8,2021
24,1,1443,1,9,2021
25,1,1443,2,9,2021
26,1,1443,3,9,2021
27,1,1443,4,9,2021
28,1,1443,5,9,2021
29,1,1443,6,9,2021
30,1,1443,7,9,2021
1,2,1443,8,9,2021
2,2,1443,9,9,2021
3,2,1443,10,9,2021
4,2,1443,11,9,2021
5,2,1443,12,9,2021
6,2,1443,13,9,2021
7,2,1443,14,9,2021
8,2,1443,15,9,2021
9,2,1443,16,9,2021
10,2,1443,17,9,2021
11,2,1443,18,9,2021
12,2,1443,19,9,2021
13,2,1443,20,9,2021
14,2,1443,21,9,2021
15,2,1443,22,9,2021
16,2,1443,23,9,2021
17,2,1443,24,9,2021
18,2,1443,25,9,2021
19,2,1443,26,9,2021
20,2,1443,27,9,2021
21,2,1443,28,9,2021
22,2,1443,29,9,2021
23,2,1443,30,9,2021
24,2,1443,1,10,2021
25,2,1443,2,10,2021
26,2,1443,3,10,2021
27,2,1443,4,10,2021
28,2,1443,5,10,2021
29,2,1443,6,10,2021
1,3,1443,7,10,2021
2,3,1443,8,10,2021
3,3,1443,9,10,2021
4,3,1443,10,10,2021
5,3,1443,11,10,2021
6,3,1443,12,10,2021
7,3,1443,13,10,2021
8,3,1443,14,10,2021
9,3,1443,15,10,2021
10,3,1443,16,10,2021
11,3,1443,17,10,2021
12,3,1443,18,10,2021
13,3,1443,19,10,2021
14,3,1443,20,10,2021
15,3,1443,21,10,2021
16,3,1443,22,10,2021
17,3,1443,23,10,2021
18,3,1443,24,10,2021
19,3,1443,25,10,2021
20,3,1443,26,10,2021
21,3,1443,27,10,2021
22,3,1443,28,10,2021
23,3,1443,29,10,2021
24,3,1443,30,10,2021
25,3,1443,31,10,2021
26,3,1443,1,11,2021
27,3,1443,2,11,2021
28,3,1443,3,11,2021
29,3,1443,4,11,2021
30,3,1443,5,11,2021
1,4,1443,6,11,2021
2,4,1443,7,11,2021
3,4,1443,8,11,2021
4,4,1443,9,11,2021
5,4,1443,10,11,2021
6,4,1443,11,11,2021
7,4,1443,12,11,2021
8,4,1443,13,11,2021
9,4,1443,14,11,2021
10,4,1443,15,11,2021
11,4,1443,16,11,2021
12,4,1443,17,11,2021
13,4,1443,18,11,2021
14,4,1443,19,11,2021
15,4,1443,20,11,2021
16,4,1443,21,11,2021
17,4,1443,22,11,2021
18,4,1443,23,11,2021
19,4,1443,24,11,2021
20,4,1443,25,11,2021
21,4,1443,26,11,2021
22,4,1443,27,11,2021
23,4,1443,28,11,2021
24,4,1443,29,11,2021
25,4,1443,30,11,2021
26,4,1443,1,12,2021
27,4,1443,2,12,2021
28,4,1443,3,12,2021
29,4,1443,4,12,2021
1,5,1443,5,12,2021
2,5,1443,6,12,2021
3,5,1443,7,12,2021
4,5,1443,8,12,2021
5,5,1443,9,12,2021
6,5,1443,10,12,2021
7,5,1443,11,12,2021
8,5,1443,12,12,2021
9,5,1443,13,12,2021
10,5,1443,14,12,2021
11,5,1443,15,12,2021
12,5,1443,16,12,2021
13,5,1443,17,12,2021
14,5,1443,18,12,2021
15,5,1443,19,12,2021
16,5,1443,20,12,2021
17,5,1443,21,12,2021
18,5,1443,22,12,2021
19,5,1443,23,12,2021
20,5,1443,24,12,2021
21,5,1443,25,12,2021
22,5,1443,26,12,2021
23,5,1443,27,12,2021
24,5,1443,28,12,2021
25,5,1443,29,12,2021
26,5,1443,30,12,2021
27,5,1443,31,12,2021
28,5,1443,1,1,2022
29,5,1443,2,1,2022
30,5,1443,3,1,2022
1,6,1443,4,1,2022
2,6,1443,5,1,2022
3,6,1443,6,1,2022
4,6,1443,7,1,2022
5,6,1443,8,1,2022
6,6,1443,9,1,2022
7,6,1443,10,1,2022
8,6,1443,11,1,2022
9,6,1443,12,1,2022
10,6,1443,13,1,2022
11,6,1443,14,1,2022
12,6,1443,15,1,2022
13,6,1443,16,1,2022
14,6,1443,17,1,2022
15,6,1443,18,1,2022
16,6,1443,19,1,2022
17,6,1443,20,1,2022
18,6,1443,21,1,2022
19,6,1443,22,1,2022
20,6,1443,23,1,2022
21,6,1443,24,1,2022
22,6,1443,25,1,2022
23,6,1443,26,1,2022
24,6,1443,27,1,2022
25,6,1443,28,1,2022
26,6,1443,29,1,2022
27,6,1443,30,1,2022
28,6,1443,31,1,2022
29,6,1443,1,2,2022
1,7,1443,2,2,2022
2,7,1443,3,2,2022
3,7,1443,4,2,2022
4,7,1443,5,2,2022
5,7,1443,6,2,2022
6,7,1443,7,2,2022
7,7,1443,8,2,2022
8,7,1443,9,2,2022
9,7,1443,10,2,2022
10,7,1443,11,2,2022
11,7,1443,12,2,2022
12,7,1443,13,2,2022
13,7,1443,14,2,2022
14,7,1443,15,2,2022
15,7,1443,16,2,2022
16,7,1443,17,2,2022
17,7,1443,18,2,2022
18,7,1443,19,2,2022
19,7,1443,20,2,2022
20,7,1443,21,2,2022
21,7,1443,22,2,2022
22,7,1443,23,2,2022
23,7,1443,24,2,2022
24,7,1443,25,2,2022
25,7,1443,26,2,2022
26,7,1443,27,2,2022
27,7,1443,28,2,2022
28,7,1443,1,3,2022
29,7,1443,2,3,2022
30,7,1443,3,3,2022
1,8,1443,4,3,2022
2,8,1443,5,3,2022
3,8,1443,6,3,2022
4,8,1443,7,3,2022
5,8,1443,8,3,2022
6,8,1443,9,3,2022
7,8,1443,10,3,2022
8,8,1443,11,3,2022
9,8,1443,12,3,2022
10,8,1443,13,3,2022
11,8,1443,14,3,2022
12,8,1443,15,3,2022
13,8,1443,16,3,2022
14,8,1443,17,3,2022
15,8,1443,18,3,2022
16,8,1443,19,3,2022
17,8,1443,20,3,2022
18,8,1443,21,3,2022
19,8,1443,22,3,2022
20,8,1443,23,3,2022
21,8,1443,24,3,2022
22,8,1443,25,3,2022
23,8,1443,26,3,2022
24,8,1443,27,3,2022
25,8,1443,28,3,2022
26,8,1443,29,3,2022
27,8,1443,30,3,2022
28,8,1443,31,3,2022
29,8,1443,1,4,2022
1,9,1443,2,4,2022
2,9,1443,3,4,2022
3,9,1443,4,4,2022
4,9,1443,5,4,2022
5,9,1443,6,4,2022
6,9,1443,7,4,2022
7,9,1443,8,4,2022
8,9,1443,9,4,2022
9,9,1443,10,4,2022
10,9,1443,11,4,2022
11,9,1443,12,4,2022
12,9,1443,13,4,2022
13,9,1443,14,4,2022
14,9,1443,15,4,2022
15,9,1443,16,4,2022
16,9,1443,17,4,2022
17,9,1443,18,4,2022
18,9,1443,19,4,2022
19,9,1443,20,4,2022
20,9,1443,21,4,2022
21,9,1443,22,4,2022
22,9,1443,23,4,2022
23,9,1443,24,4,2022
24,9,1443,25,4,2022
25,9,1443,26,4,2022
26,9,1443,27,4,2022
27,9,1443,28,4,2022
28,9,1443,29,4,2022
29,9,1443,30,4,2022
30,9,1443,1,5,2022
1,10,1443,2,5,2022
2,10,1443,3,5,2022
3,10,1443,4,5,2022
4,10,1443,5,5,2022
5,10,1443,6,5,2022
6,10,1443,7,5,2022
7,10,1443,8,5,2022
8,10,1443,9,5,2022
9,10,1443,10,5,2022
10,10,1443,11,5,2022
11,10,1443,12,5,2022
12,10,1443,13,5,2022
13,10,1443,14,5,2022
14,10,1443,15,5,2022
15,10,1443,16,5,2022
16,10,1443,17,5,2022
17,10,1443,18,5,2022
18,10,1443,19,5,2022
19,10,1443,20,5,2022
20,10,1443,21,5,2022
21,10,1443,22,5,2022
22,10,1443,23,5,2022
23,10,1443,24,5,2022
24,10,1443,25,5,2022
25,10,1443,26,5,2022
26,10,1443,27,5,2022
27,10,1443,28,5,2022
28,10,1443,29,5,2022
29,10,1443,30,5,2022
1,11,1443,31,5,2022
2,11,1443,1,6,2022
3,11,1443,2,6,2022
4,11,1443,3,6,2022
5,11,1443,4,6,2022
6,11,1443,5,6,2022
7,11,1443,6,6,2022
8,11,1443,7,6,2022
9,11,1443,8,6,2022
10,11,1443,9,6,2022
11,11,1443,10,6,2022
12,11,1443,11,6,2022
13,11,1443,12,6,2022
14,11,1443,13,6,2022
15,11,1443,14,6,2022
16,11,1443,15,6,2022
17,11,1443,16,6,2022
18,11,1443,17,6,2022
19,11,1443,18,6,2022
20,11,1443,19,6,2022
21,11,1443,20,6,2022
22,11,1443,21,6,2022
23,11,1443,22,6,2022
24,11,1443,23,6,2022
25,11,1443,24,6,2022
26,11,1443,25,6,2022
27,11,1443,26,6,2022
28,11,1443,27,6,2022
29,11,1443,28,6,2022
30,11,1443,29,6,2022
1,12,1443,30,6,2022
2,12,1443,1,7,2022
3,12,1443,2,7,2022
4,12,1443,3,7,2022
5,12,1443,4,7,2022
6,12,1443,5,7,2022
7,12,1443,6,7,2022
8,12,1443,7,7,2022
9,12,1443,8,7,2022
10,12,1443,9,7,2022
11,12,1443,10,7,2022
12,12,1443,11,7,2022
13,12,1443,12,7,2022
14,12,1443,13,7,2022
15,12,1443,14,7,2022
16,12,1443,15,7,2022
17,12,1443,16,7,2022
18,12,1443,17,7,2022
19,12,1443,18,7,2022
20,12,1443,19,7,2022
21,12,1443,20,7,2022
22,12,1443,21,7,2022
23,12,1443,22,7,2022
24,12,1443,23,7,2022
25,12,1443,24,7,2022
26,12,1443,25,7,2022
27,12,1443,26,7,2022
28,12,1443,27,7,2022
29,12,1443,28,7,2022
30,12,1443,29,7,2022
1,1,1444,30,7,2022
2,1,1444,31,7,2022
3,1,1444,1,8,2022
4,1,1444,2,8,2022
5,1,1444,3,8,2022
6,1,1444,4,8,2022
7,1,1444,5,8,2022
8,1,1444,6,8,2022
9,1,1444,7,8,2022
10,1,1444,8,8,2022
11,1,1444,9,8,2022
12,1,1444,10,8,2022
13,1,1444,11,8,2022
14,1,1444,12,8,2022
15,1,1444,13,8,2022
16,1,1444,14,8,2022
17,1,1444,15,8,2022
18,1,1444,16,8,2022
19,1,1444,17,8,2022
20,1,1444,18,8,2022
21,1,1444,19,8,2022
22,1,1444,20,8,2022
23,1,1444,21,8,2022
24,1,1444,22,8,2022
25,1,1444,23,8,2022
26,1,1444,24,8,2022
27,1,1444,25,8,2022
28,1,1444,26,8,2022
29,1,1444,27,8,2022
1,2,1444,28,8,2022
2,2,1444,29,8,2022
3,2,1444,30,8,2022
4,2,1444,31,8,2022
5,2,1444,1,9,2022
6,2,1444,2,9,2022
7,2,1444,3,9,2022
8,2,1444,4,9,2022
9,2,1444,5,9,2022
10,2,1444,6,9,2022
11,2,1444,7,9,2022
12,2,1444,8,9,2022
13,2,1444,9,9,2022
14,2,1444,10,9,2022
15,2,1444,11,9,2022
16,2,1444,12,9,2022
17,2,1444,13,9,2022
18,2,1444,14,9,2022
19,2,1444,15,9,2022
20,2,1444,16,9,2022
21,2,1444,17,9,2022
22,2,1444,18,9,2022
23,2,1444,19,9,2022
24,2,1444,20,9,2022
25,2,1444,21,9,2022
26,2,1444,22,9,2022
27,2,1444,23,9,2022
28,2,1444,24,9,2022
29,2,1444,25,9,2022
30,2,1444,26,9,2022
1,3,1444,27,9,2022
2,3,1444,28,9,2022
3,3,1444,29,9,2022
4,3,1444,30,9,2022
5,3,1444,1,10,2022
6,3,1444,2,10,2022
7,3,1444,3,10,2022
8,3,1444,4,10,2022
9,3,1444,5,10,2022
10,3,1444,6,10,2022
11,3,1444,7,10,2022
12,3,1444,8,10,2022
13,3,1444,9,10,2022
14,3,1444,10,10,2022
15,3,1444,11,10,2022
16,3,1444,12,10,2022
17,3,1444,13,10,2022
18,3,1444,14,10,2022
19,3,1444,15,10,2022
20,3,1444,16,10,2022
21,3,1444,17,10,2022
22,3,1444,18,10,2022
23,3,1444,19,10,2022
24,3,1444,20,10,2022
25,3,1444,21,10,2022
26,3,1444,22,10,2022
27,3,1444,23,10,2022
28,3,1444,24,10,2022
29,3,1444,25,10,2022
1,4,1444,26,10,2022
2,4,1444,27,10,2022
3,4,1444,28,10,2022
4,4,1444,29,10,2022
5,4,1444,30,10,2022
6,4,1444,31,10,2022
7,4,1444,1,11,2022
8,4,1444,2,11,2022
9,4,1444,3,11,2022
10,4,1444,4,11,2022
11,4,1444,5,11,2022
12,4,1444,6,11,2022
13,4,1444,7,11,2022
14,4,1444,8,11,2022
15,4,1444,9,11,2022
16,4,1444,10,11,2022
17,4,1444,11,11,2022
18,4,1444,12,11,2022
19,4,1444,13,11,2022
20,4,1444,14,11,2022
21,4,1444,15,11,2022
22,4,1444,16,11,2022
23,4,1444,17,11,2022
24,4,1444,18,11,2022
25,4,1444,19,11,2022
26,4,1444,20,11,2022
27,4,1444,21,11,2022
28,4,1444,22,11,2022
29,4,1444,23,11,2022
30,4,1444,24,11,2022
1,5,1444,25,11,2022
2,5,1444,26,11,2022
3,5,1444,27,11,2022
4,5,1444,28,11,2022
5,5,1444,29,11,2022
6,5,1444,30,11,2022
7,5,1444,1,12,2022
8,5,1444,2,12,2022
9,5,1444,3,12,2022
10,5,1444,4,12,2022
11,5,1444,5,12,2022
12,5,1444,6,12,2022
13,5,1444,7,12,2022
14,5,1444,8,12,2022
15,5,1444,9,12,2022
16,5,1444,10,12,2022
17,5,1444,11,12,2022
18,5,1444,12,12,2022
19,5,1444,13,12,2022
20,5,1444,14,12,2022
21,5,1444,15,12,2022
22,5,1444,16,12,2022
23,5,1444,17,12,2022
24,5,1444,18,12,2022
25,5,1444,19,12,2022
26,5,1444,20,12,2022
27,5,1444,21,12,2022
28,5,1444,22,12,2022
29,5,1444,23,12,2022
30,5,1444,24,12,2022
1,6,1444,25,12,2022
2,6,1444,26,12,2022
3,6,1444,27,12,2022
4,6,1444,28,12,2022
5,6,1444,29,12,2022
6,6,1444,30,12,2022
7,6,1444,31,12,2022
8,6,1444,1,1,2023
9,6,1444,2,1,2023
10,6,1444,3,1,2023
11,6,1444,4,1,2023
12,6,1444,5,1,2023
13,6,1444,6,1,2023
14,6,1444,7,1,2023
15,6,1444,8,1,2023
16,6,1444,9,1,2023
17,6,1444,10,1,2023
18,6,1444,11,1,2023
19,6,1444,12,1,2023
20,6,1444,13,1,2023
21,6,1444,14,1,2023
22,6,1444,15,1,2023
23,6,1444,16,1,2023
24,6,1444,17,1,2023
25,6,1444,18,1,2023
26,6,1444,19,1,2023
27,6,1444,20,1,2023
28,6,1444,21,1,2023
29,6,1444,22,1,2023
1,7,1444,23,1,2023
2,7,1444,24,1,2023
3,7,1444,25,1,2023
4,7,1444,26,1,2023
5,7,1444,27,1,2023
6,7,1444,28,1,2023
7,7,1444,29,1,2023
8,7,1444,30,1,2023
9,7,1444,31,1,2023
10,7,1444,1,2,2023
11,7,1444,2,2,2023
12,7,1444,3,2,2023
13,7,1444,4,2,2023
14,7,1444,5,2,2023
15,7,1444,6,2,2023
16,7,1444,7,2,2023
17,7,1444,8,2,2023
18,7,1444,9,2,2023
19,7,1444,10,2,2023
20,7,1444,11,2,2023
21,7,1444,12,2,2023
22,7,1444,13,2,2023
23,7,1444,14,2,2023
24,7,1444,15,2,2023
25,7,1444,16,2,2023
26,7,1444,17,2,2023
27,7,1444,18,2,2023
28,7,1444,19,2,2023
29,7,1444,20,2,2023
1,8,1444,21,2,2023
2,8,1444,22,2,2023
3,8,1444,23,2,2023
4,8,1444,24,2,2023
5,8,1444,25,2,2023
6,8,1444,26,2,2023
7,8,1444,27,2,2023
8,8,1444,28,2,2023
9,8,1444,1,3,2023
10,8,1444,2,3,2023
11,8,1444,3,3,2023
12,8,1444,4,3,2023
13,8,1444,5,3,2023
14,8,1444,6,3,2023
15,8,1444,7,3,2023
16,8,1444,8,3,2023
17,8,1444,9,3,2023
18,8,1444,10,3,2023
19,8,1444,11,3,2023
20,8,1444,12,3,2023
21,8,1444,13,3,2023
22,8,1444,14,3,2023
23,8,1444,15,3,2023
24,8,1444,16,3,2023
25,8,1444,17,3,2023
26,8,1444,18,3,2023
27,8,1444,19,3,2023
28,8,1444,20,3,2023
29,8,1444,21,3,2023
30,8,1444,22,3,2023
1,9,1444,23,3,2023
2,9,1444,24,3,2023
3,9,1444,25,3,2023
4,9,1444,26,3,2023
5,9,1444,27,3,2023
6,9,1444,28,3,2023
7,9,1444,29,3,2023
8,9,1444,30,3,2023
9,9,1444,31,3,2023
10,9,1444,1,4,2023
11,9,1444,2,4,2023
12,9,1444,3,4,2023
13,9,1444,4,4,2023
14,9,1444,5,4,2023
15,9,1444,6,4,2023
16,9,1444,7,4,2023
17,9,1444,8,4,2023
18,9,1444,9,4,2023
19,9,1444,10,4,2023
20,9,1444,11,4,2023
21,9,1444,12,4,2023
22,9,1444,13,4,2023
23,9,1444,14,4,2023
24,9,1444,15,4,2023
25,9,1444,16,4,2023
26,9,1444,17,4,2023
27,9,1444,18,4,2023
28,9,1444,19,4,2023
29,9,1444,20,4,2023
1,10,1444,21,4,2023
2,10,1444,22,4,2023
3,10,1444,23,4,2023
4,10,1444,24,4,2023
5,10,1444,25,4,2023
6,10,1444,26,4,2023
7,10,1444,27,4,2023
8,10,1444,28,4,2023
9,10,1444,29,4,2023
10,10,1444,30,4,2023
11,10,1444,1,5,2023
12,10,1444,2,5,2023
13,10,1444,3,5,2023
14,10,1444,4,5,2023
15,10,1444,5,5,2023
16,10,1444,6,5,2023
17,10,1444,7,5,2023
18,10,1444,8,5,2023
19,10,1444,9,5,2023
20,10,1444,10,5,2023
21,10,1444,11,5,2023
22,10,1444,12,5,2023
23,10,1444,13,5,2023
24,10,1444,14,5,2023
25,10,1444,15,5,2023
26,10,1444,16,5,2023
27,10,1444,17,5,2023
28,10,1444,18,5,2023
29,10,1444,19,5,2023
30,10,1444,20,5,2023
1,11,1444,21,5,2023
2,11,1444,22,5,2023
3,11,1444,23,5,2023
4,11,1444,24,5,2023
5,11,1444,25,5,2023
6,11,1444,26,5,2023
7,11,1444,27,5,2023
8,11,1444,28,5,2023
9,11,1444,29,5,2023
10,11,1444,30,5,2023
11,11,1444,31,5,2023
12,11,1444,1,6,2023
13,11,1444,2,6,2023
14,11,1444,3,6,2023
15,11,1444,4,6,2023
16,11,1444,5,6,2023
17,11,1444,6,6,2023
18,11,1444,7,6,2023
19,11,1444,8,6,2023
20,11,1444,9,6,2023
21,11,1444,10,6,2023
22,11,1444,11,6,2023
23,11,1444,12,6,2023
24,11,1444,13,6,2023
25,11,1444,14,6,2023
26,11,1444,15,6,2023
27,11,1444,16,6,2023
28,11,1444,17,6,2023
29,11,1444,18,6,2023
1,12,1444,19,6,2023
2,12,1444,20,6,2023
3,12,1444,21,6,2023
4,12,1444,22,6,2023
5,12,1444,23,6,2023
6,12,1444,24,6,2023
7,12,1444,25,6,2023
8,12,1444,26,6,2023
9,12,1444,27,6,2023
10,12,1444,28,6,2023
11,12,1444,29,6,2023
12,12,1444,30,6,2023
13,12,1444,1,7,2023
14,12,1444,2,7,2023
15,12,1444,3,7,2023
16,12,1444,4,7,2023
17,12,1444,5,7,2023
18,12,1444,6,7,2023
19,12,1444,7,7,2023
20,12,1444,8,7,2023
21,12,1444,9,7,2023
22,12,1444,10,7,2023
23,12,1444,11,7,2023
24,12,1444,12,7,2023
25,12,1444,13,7,2023
26,12,1444,14,7,2023
27,12,1444,15,7,2023
28,12,1444,16,7,2023
29,12,1444,17,7,2023
30,12,1444,18,7,2023
1,1,1445,19,7,2023
2,1,1445,20,7,2023
3,1,1445,21,7,2023
4,1,1445,22,7,2023
5,1,1445,23,7,2023
6,1,1445,24,7,2023
7,1,1445,25,7,2023
8,1,1445,26,7,2023
9,1,1445,27,7,2023
10,1,1445,28,7,2023
11,1,1445,29,7,2023
12,1,1445,30,7,2023
13,1,1445,31,7,2023
14,1,1445,1,8,2023
15,1,1445,2,8,2023
16,1,1445,3,8,2023
17,1,1445,4,8,2023
18,1,1445,5,8,2023
19,1,1445,6,8,2023
20,1,1445,7,8,2023
21,1,1445,8,8,2023
22,1,1445,9,8,2023
23,1,1445,10,8,2023
24,1,1445,11,8,2023
25,1,1445,12,8,2023
26,1,1445,13,8,2023
27,1,1445,14,8,2023
28,1,1445,15,8,2023
29,1,1445,16,8,2023
1,2,1445,17,8,2023
2,2,1445,18,8,2023
3,2,1445,19,8,2023
4,2,1445,20,8,2023
5,2,1445,21,8,2023
6,2,1445,22,8,2023
7,2,1445,23,8,2023
8,2,1445,24,8,2023
9,2,1445,25,8,2023
10,2,1445,26,8,2023
11,2,1445,27,8,2023
12,2,1445,28,8,2023
13,2,1445,29,8,2023
14,2,1445,30,8,2023
15,2,1445,31,8,2023
16,2,1445,1,9,2023
17,2,1445,2,9,2023
18,2,1445,3,9,2023
19,2,1445,4,9,2023
20,2,1445,5,9,2023
21,2,1445,6,9,2023
22,2,1445,7,9,2023
23,2,1445,8,9,2023
24,2,1445,9,9,2023
25,2,1445,10,9,2023
26,2,1445,11,9,2023
27,2,1445,12,9,2023
28,2,1445,13,9,2023
29,2,1445,14,9,2023
30,2,1445,15,9,2023
1,3,1445,16,9,2023
2,3,1445,17,9,2023
3,3,1445,18,9,2023
4,3,1445,19,9,2023
5,3,1445,20,9,2023
6,3,1445,21,9,2023
7,3,1445,22,9,2023
8,3,1445,23,9,2023
9,3,1445,24,9,2023
10,3,1445,25,9,2023
11,3,1445,26,9,2023
12,3,1445,27,9,2023
13,3,1445,28,9,2023
14,3,1445,29,9,2023
15,3,1445,30,9,2023
16,3,1445,1,10,2023
17,3,1445,2,10,2023
18,3,1445,3,10,2023
19,3,1445,4,10,2023
20,3,1445,5,10,2023
21,3,1445,6,10,2023
22,3,1445,7,10,2023
23,3,1445,8,10,2023
24,3,1445,9,10,2023
25,3,1445,10,10,2023
26,3,1445,11,10,2023
27,3,1445,12,10,2023
28,3,1445,13,10,2023
29,3,1445,14,10,2023
30,3,1445,15,10,2023
1,4,1445,16,10,2023
2,4,1445,17,10,2023
3,4,1445,18,10,2023
4,4,1445,19,10,2023
5,4,1445,20,10,2023
6,4,1445,21,10,2023
7,4,1445,22,10,2023
8,4,1445,23,10,2023
9,4,1445,24,10,2023
10,4,1445,25,10,2023
11,4,1445,26,10,2023
12,4,1445,27,10,2023
13,4,1445,28,10,2023
14,4,1445,29,10,2023
15,4,1445,30,10,2023
16,4,1445,31,10,2023
17,4,1445,1,11,2023
18,4,1445,2,11,2023
19,4,1445,3,11,2023
20,4,1445,4,11,2023
21,4,1445,5,11,2023
22,4,1445,6,11,2023
23,4,1445,7,11,2023
24,4,1445,8,11,2023
25,4,1445,9,11,2023
26,4,1445,10,11,2023
27,4,1445,11,11,2023
28,4,1445,12,11,2023
29,4,1445,13,11,2023
30,4,1445,14,11,2023
1,5,1445,15,11,2023
2,5,1445,16,11,2023
3,5,1445,17,11,2023
4,5,1445,18,11,2023
5,5,1445,19,11,2023
6,5,1445,20,11,2023
7,5,1445,21,11,2023
8,5,1445,22,11,2023
9,5,1445,23,11,2023
10,5,1445,24,11,2023
11,5,1445,25,11,2023
12,5,1445,26,11,2023
13,5,1445,27,11,2023
14,5,1445,28,11,2023
15,5,1445,29,11,2023
16,5,1445,30,11,2023
17,5,1445,1,12,2023
18,5,1445,2,12,2023
19,5,1445,3,12,2023
20,5,1445,4,12,2023
21,5,1445,5,12,2023
22,5,1445,6,12,2023
23,5,1445,7,12,2023
24,5,1445,8,12,2023
25,5,1445,9,12,2023
26,5,1445,10,12,2023
27,5,1445,11,12,2023
28,5,1445,12,12,2023
29,5,1445,13,12,2023
1,6,1445,14,12,2023
2,6,1445,15,12,2023
3,6,1445,16,12,2023
4,6,1445,17,12,2023
5,6,1445,18,12,2023
6,6,1445,19,12,2023
7,6,1445,20,12,2023
8,6,1445,21,12,2023
9,6,1445,22,12,2023
10,6,1445,23,12,2023
11,6,1445,24,12,2023
12,6,1445,25,12,2023
13,6,1445,26,12,2023
14,6,1445,27,12,2023
15,6,1445,28,12,2023
16,6,1445,29,12,2023
17,6,1445,30,12,2023
18,6,1445,31,12,2023
19,6,1445,1,1,2024
20,6,1445,2,1,2024
21,6,1445,3,1,2024
22,6,1445,4,1,2024
23,6,1445,5,1,2024
24,6,1445,6,1,2024
25,6,1445,7,1,2024
26,6,1445,8,1,2024
27,6,1445,9,1,2024
28,6,1445,10,1,2024
29,6,1445,11,1,2024
30,6,1445,12,1,2024
1,7,1445,13,1,2024
2,7,1445,14,1,2024
3,7,1445,15,1,2024
4,7,1445,16,1,2024
5,7,1445,17,1,2024
6,7,1445,18,1,2024
7,7,1445,19,1,2024
8,7,1445,20,1,2024
9,7,1445,21,1,2024
10,7,1445,22,1,2024
11,7,1445,23,1,2024
12,7,1445,24,1,2024
13,7,1445,25,1,2024
14,7,1445,26,1,2024
15,7,1445,27,1,2024
16,7,1445,28,1,2024
17,7,1445,29,1,2024
18,7,1445,30,1,2024
19,7,1445,31,1,2024
20,7,1445,1,2,2024
21,7,1445,2,2,2024
22,7,1445,3,2,2024
23,7,1445,4,2,2024
24,7,1445,5,2,2024
25,7,1445,6,2,2024
26,7,1445,7,2,2024
27,7,1445,8,2,2024
28,7,1445,9,2,2024
29,7,1445,10,2,2024
1,8,1445,11,2,2024
2,8,1445,12,2,2024
3,8,1445,13,2,2024
4,8,1445,14,2,2024
5,8,1445,15,2,2024
6,8,1445,16,2,2024
7,8,1445,17,2,2024
8,8,1445,18,2,2024
9,8,1445,19,2,2024
10,8,1445,20,2,2024
11,8,1445,21,2,2024
12,8,1445,22,2,2024
13,8,1445,23,2,2024
14,8,1445,24,2,2024
15,8,1445,25,2,2024
16,8,1445,26,2,2024
17,8,1445,27,2,2024
18,8,1445,28,2,2024
19,8,1445,29,2,2024
20,8,1445,1,3,2024
21,8,1445,2,3,2024
22,8,1445,3,3,2024
23,8,1445,4,3,2024
24,8,1445,5,3,2024
25,8,1445,6,3,2024
26,8,1445,7,3,2024
27,8,1445,8,3,2024
28,8,1445,9,3,2024
29,8,1445,10,3,2024
1,9,1445,11,3,2024
2,9,1445,12,3,2024
3,9,1445,13,3,2024
4,9,1445,14,3,2024
5,9,1445,15,3,2024
6,9,1445,16,3,2024
7,9,1445,17,3,2024
8,9,1445,18,3,2024
9,9,1445,19,3,2024
10,9,1445,20,3,2024
11,9,1445,21,3,2024
12,9,1445,22,3,2024
13,9,1445,23,3,2024
14,9,1445,24,3,2024
15,9,1445,25,3,2024
16,9,1445,26,3,2024
17,9,1445,27,3,2024
18,9,1445,28,3,2024
19,9,1445,29,3,2024
20,9,1445,30,3,2024
21,9,1445,31,3,2024
22,9,1445,1,4,2024
23,9,1445,2,4,2024
24,9,1445,3,4,2024
25,9,1445,4,4,2024
26,9,1445,5,4,2024
27,9,1445,6,4,2024
28,9,1445,7,4,2024
29,9,1445,8,4,2024
30,9,1445,9,4,2024
1,10,1445,10,4,2024
2,10,1445,11,4,2024
3,10,1445,12,4,2024
4,10,1445,13,4,2024
5,10,1445,14,4,2024
6,10,1445,15,4,2024
7,10,1445,16,4,2024
8,10,1445,17,4,2024
9,10,1445,18,4,2024
10,10,1445,19,4,2024
11,10,1445,20,4,2024
12,10,1445,21,4,2024
13,10,1445,22,4,2024
14,10,1445,23,4,2024
15,10,1445,24,4,2024
16,10,1445,25,4,2024
17,10,1445,26,4,2024
18,10,1445,27,4,2024
19,10,1445,28,4,2024
20,10,1445,29,4,2024
21,10,1445,30,4,2024
22,10,1445,1,5,2024
23,10,1445,2,5,2024
24,10,1445,3,5,2024
25,10,1445,4,5,2024
26,10,1445,5,5,2024
27,10,1445,6,5,2024
28,10,1445,7,5,2024
29,10,1445,8,5,2024
1,11,1445,9,5,2024
2,11,1445,10,5,2024
3,11,1445,11,5,2024
4,11,1445,12,5,2024
5,11,1445,13,5,2024
6,11,1445,14,5,2024
7,11,1445,15,5,2024
8,11,1445,16,5,2024
9,11,1445,17,5,2024
10,11,1445,18,5,2024
11,11,1445,19,5,2024
12,11,1445,20,5,2024
13,11,1445,21,5,2024
14,11,1445,22,5,2024
15,11,1445,23,5,2024
16,11,1445,24,5,2024
17,11,1445,25,5,2024
18,11,1445,26,5,2024
19,11,1445,27,5,2024
20,11,1445,28,5,2024
21,11,1445,29,5,2024
22,11,1445,30,5,2024
23,11,1445,31,5,2024
24,11,1445,1,6,2024
25,11,1445,2,6,2024
26,11,1445,3,6,2024
27,11,1445,4,6,2024
28,11,1445,5,6,2024
29,11,1445,6,6,2024
1,12,1445,7,6,2024
2,12,1445,8,6,2024
3,12,1445,9,6,2024
4,12,1445,10,6,2024
5,12,1445,11,6,2024
6,12,1445,12,6,2024
7,12,1445,13,6,2024
8,12,1445,14,6,2024
9,12,1445,15,6,2024
10,12,1445,16,6,2024
11,12,1445,17,6,2024
12,12,1445,18,6,2024
13,12,1445,19,6,2024
14,12,1445,20,6,2024
15,12,1445,21,6,2024
16,12,1445,22,6,2024
17,12,1445,23,6,2024
18,12,1445,24,6,2024
19,12,1445,25,6,2024
20,12,1445,26,6,2024
21,12,1445,27,6,2024
22,12,1445,28,6,2024
23,12,1445,29,6,2024
24,12,1445,30,6,2024
25,12,1445,1,7,2024
26,12,1445,2,7,2024
27,12,1445,3,7,2024
28,12,1445,4,7,2024
29,12,1445,5,7,2024
30,12,1445,6,7,2024